CEPI,CEPF,PRAZO(DIAS ÚTEIS),FRETE TOTAL MÍNIMO,10.000,20.000,30.000,50.000,75.000,100.000,VALOR EXCEDENTE,FRETE VALOR SOBRE A NOTA(%),TAS VALOR FIXO,SEGURO FLUVIAL MÍNIMO,SEGURO FLUVIAL(%),PEDÁGIO VALOR FIXO,PEDÁGIO FRAÇÃO A CADA x KG,SEGURO(%),OUTRA TAXA MÍNIMO,OUTRA TAXA(%),GRIS MÍNIMO,GRIS(%),TDE MÍNIMO,TDE MÁXIMO,TDE(%),CTE VALOR FIXO
1000001,5999999,3,,"24,19","28,42","33,52","42,81","59,11","80,55","0,88",0,"5,0175",0,0,"14,7",100,"0,504",0,0,"5,00031","0,10001","692,57","4774,38",100,"5,00219"
6000001,6299999,3,,"24,19","28,42","33,52","42,81","59,11","80,55","0,88",0,"5,0175",0,0,"14,7",100,"0,504",0,0,"5,00031","0,10001","692,57","4774,38",100,"5,00219"
6300001,6399999,3,,"24,19","28,42","33,52","42,81","59,11","80,55","0,88",0,"5,0175",0,0,"14,7",100,"0,504",0,0,"5,00031","0,10001","692,57","4774,38",100,"5,00219"
6400001,6499999,3,,"24,19","28,42","33,52","42,81","59,11","80,55","0,88",0,"5,0175",0,0,"14,7",100,"0,504",0,0,"5,00031","0,10001","692,57","4774,38",100,"5,00219"
6500001,6549999,3,,"24,19","28,42","33,52","42,81","59,11","80,55","0,88",0,"5,0175",0,0,"14,7",100,"0,504",0,0,"5,00031","0,10001","692,57","4774,38",100,"5,00219"
6550000,6599999,3,,"24,19","28,42","33,52","42,81","59,11","80,55","0,88",0,"5,0175",0,0,"14,7",100,"0,504",0,0,"5,00031","0,10001","692,57","4774,38",100,"5,00219"
6600001,6649999,3,,"24,19","28,42","33,52","42,81","59,11","80,55","0,88",0,"5,0175",0,0,"14,7",100,"0,504",0,0,"5,00031","0,10001","692,57","4774,38",100,"5,00219"
6650001,6699999,3,,"24,19","28,42","33,52","42,81","59,11","80,55","0,88",0,"5,0175",0,0,"14,7",100,"0,504",0,0,"5,00031","0,10001","692,57","4774,38",100,"5,00219"
6700001,6729999,3,,"24,19","28,42","33,52","42,81","59,11","80,55","0,88",0,"5,0175",0,0,"14,7",100,"0,504",0,0,"5,00031","0,10001","692,57","4774,38",100,"5,00219"
6730000,6749999,3,,"24,19","28,42","33,52","42,81","59,11","80,55","0,88",0,"5,0175",0,0,"14,7",100,"0,504",0,0,"5,00031","0,10001","692,57","4774,38",100,"5,00219"
6750001,6799999,3,,"24,19","28,42","33,52","42,81","59,11","80,55","0,88",0,"5,0175",0,0,"14,7",100,"0,504",0,0,"5,00031","0,10001","692,57","4774,38",100,"5,00219"
6800001,6849999,3,,"24,19","28,42","33,52","42,81","59,11","80,55","0,88",0,"5,0175",0,0,"14,7",100,"0,504",0,0,"5,00031","0,10001","692,57","4774,38",100,"5,00219"
6850001,6889999,3,,"24,19","28,42","33,52","42,81","59,11","80,55","0,88",0,"5,0175",0,0,"14,7",100,"0,504",0,0,"5,00031","0,10001","692,57","4774,38",100,"5,00219"
6890000,6899999,3,,"24,19","28,42","33,52","42,81","59,11","80,55","0,88",0,"5,0175",0,0,"14,7",100,"0,504",0,0,"5,00031","0,10001","692,57","4774,38",100,"5,00219"
6900001,6934999,3,,"24,19","28,42","33,52","42,81","59,11","80,55","0,88",0,"5,0175",0,0,"14,7",100,"0,504",0,0,"5,00031","0,10001","692,57","4774,38",100,"5,00219"
6950000,6999999,3,,"24,19","28,42","33,52","42,81","59,11","80,55","0,88",0,"5,0175",0,0,"14,7",100,"0,504",0,0,"5,00031","0,10001","692,57","4774,38",100,"5,00219"
7000001,7399999,3,,"24,19","28,42","33,52","42,81","59,11","80,55","0,88",0,"5,0175",0,0,"14,7",100,"0,504",0,0,"5,00031","0,10001","692,57","4774,38",100,"5,00219"
7400001,7499999,4,,"24,19","28,42","33,52","42,81","59,11","80,55","0,88",0,"5,0175",0,0,"14,7",100,"0,504",0,0,"5,00031","0,10001","692,57","4774,38",100,"5,00219"
7500000,7599999,4,,"24,19","28,42","33,52","42,81","59,11","80,55","0,88",0,"5,0175",0,0,"14,7",100,"0,504",0,0,"5,00031","0,10001","692,57","4774,38",100,"5,00219"
7600001,7699999,5,,"24,19","28,42","33,52","42,81","59,11","80,55","0,88",0,"5,0175",0,0,"14,7",100,"0,504",0,0,"5,00031","0,10001","692,57","4774,38",100,"5,00219"
7700001,7749999,3,,"24,19","28,42","33,52","42,81","59,11","80,55","0,88",0,"5,0175",0,0,"14,7",100,"0,504",0,0,"5,00031","0,10001","692,57","4774,38",100,"5,00219"
7750001,7799999,3,,"24,19","28,42","33,52","42,81","59,11","80,55","0,88",0,"5,0175",0,0,"14,7",100,"0,504",0,0,"5,00031","0,10001","692,57","4774,38",100,"5,00219"
7800001,7899999,3,,"24,19","28,42","33,52","42,81","59,11","80,55","0,88",0,"5,0175",0,0,"14,7",100,"0,504",0,0,"5,00031","0,10001","692,57","4774,38",100,"5,00219"
7900001,7999999,3,,"24,19","28,42","33,52","42,81","59,11","80,55","0,88",0,"5,0175",0,0,"14,7",100,"0,504",0,0,"5,00031","0,10001","692,57","4774,38",100,"5,00219"
8000000,8499999,3,,"24,19","28,42","33,52","42,81","59,11","80,55","0,88",0,"5,0175",0,0,"14,7",100,"0,504",0,0,"5,00031","0,10001","692,57","4774,38",100,"5,00219"
8500001,8549999,3,,"24,19","28,42","33,52","42,81","59,11","80,55","0,88",0,"5,0175",0,0,"14,7",100,"0,504",0,0,"5,00031","0,10001","692,57","4774,38",100,"5,00219"
8550001,8569999,4,,"24,19","28,42","33,52","42,81","59,11","80,55","0,88",0,"5,0175",0,0,"14,7",100,"0,504",0,0,"5,00031","0,10001","692,57","4774,38",100,"5,00219"
8570001,8599999,4,,"24,19","28,42","33,52","42,81","59,11","80,55","0,88",0,"5,0175",0,0,"14,7",100,"0,504",0,0,"5,00031","0,10001","692,57","4774,38",100,"5,00219"
8600001,8699999,4,,"24,19","28,42","33,52","42,81","59,11","80,55","0,88",0,"5,0175",0,0,"14,7",100,"0,504",0,0,"5,00031","0,10001","692,57","4774,38",100,"5,00219"
8700001,8899999,4,,"24,19","28,42","33,52","42,81","59,11","80,55","0,88",0,"5,0175",0,0,"14,7",100,"0,504",0,0,"5,00031","0,10001","692,57","4774,38",100,"5,00219"
8900000,8939999,11,,"30,56","35,9","42,34","54,07","74,66","103,23","1,11",0,"5,0175",0,0,"14,7",100,"0,504",0,0,"5,00031","0,10001","692,57","4774,38",100,"5,00219"
8940000,8969999,6,,"24,19","28,42","33,52","42,81","59,11","80,55","0,88",0,"5,0175",0,0,"14,7",100,"0,504",0,0,"5,00031","0,10001","692,57","4774,38",100,"5,00219"
8970000,8999999,6,,"24,19","28,42","33,52","42,81","59,11","80,55","0,88",0,"5,0175",0,0,"14,7",100,"0,504",0,0,"5,00031","0,10001","692,57","4774,38",100,"5,00219"
9000001,9299999,3,,"24,19","28,42","33,52","42,81","59,11","80,55","0,88",0,"5,0175",0,0,"14,7",100,"0,504",0,0,"5,00031","0,10001","692,57","4774,38",100,"5,00219"
9300001,9399999,4,,"24,19","28,42","33,52","42,81","59,11","80,55","0,88",0,"5,0175",0,0,"14,7",100,"0,504",0,0,"5,00031","0,10001","692,57","4774,38",100,"5,00219"
9400001,9449999,4,,"24,19","28,42","33,52","42,81","59,11","80,55","0,88",0,"5,0175",0,0,"14,7",100,"0,504",0,0,"5,00031","0,10001","692,57","4774,38",100,"5,00219"
9450000,9499999,6,,"24,19","28,42","33,52","42,81","59,11","80,55","0,88",0,"5,0175",0,0,"14,7",100,"0,504",0,0,"5,00031","0,10001","692,57","4774,38",100,"5,00219"
9500001,9599999,3,,"24,19","28,42","33,52","42,81","59,11","80,55","0,88",0,"5,0175",0,0,"14,7",100,"0,504",0,0,"5,00031","0,10001","692,57","4774,38",100,"5,00219"
9600001,9899999,3,,"24,19","28,42","33,52","42,81","59,11","80,55","0,88",0,"5,0175",0,0,"14,7",100,"0,504",0,0,"5,00031","0,10001","692,57","4774,38",100,"5,00219"
9900001,9999999,3,,"24,19","28,42","33,52","42,81","59,11","80,55","0,88",0,"5,0175",0,0,"14,7",100,"0,504",0,0,"5,00031","0,10001","692,57","4774,38",100,"5,00219"
11000001,11249999,6,,"37,74","44,34","52,29","66,78","92,21","127,48","1,37",0,"5,0175",0,0,"14,7",100,"0,504",0,0,"5,00031","0,10001","692,57","4774,38",100,"5,00219"
11250001,11299999,8,,"37,74","44,34","52,29","66,78","92,21","127,48","1,37",0,"5,0175",0,0,"14,7",100,"0,504",0,0,"5,00031","0,10001","692,57","4774,38",100,"5,00219"
11300001,11399999,6,,"37,74","44,34","52,29","66,78","92,21","127,48","1,37",0,"5,0175",0,0,"14,7",100,"0,504",0,0,"5,00031","0,10001","692,57","4774,38",100,"5,00219"
11400001,11499999,6,,"37,74","44,34","52,29","66,78","92,21","127,48","1,37",0,"5,0175",0,0,"14,7",100,"0,504",0,0,"5,00031","0,10001","692,57","4774,38",100,"5,00219"
11500001,11599999,10,,"37,74","44,34","52,29","66,78","92,21","127,48","1,37",0,"5,0175",0,0,"14,7",100,"0,504",0,0,"5,00031","0,10001","692,57","4774,38",100,"5,00219"
11600001,11629999,11,,"54,19","63,67","75,08","95,89","132,4","184,92","1,96",0,"5,0175",0,0,"14,7",100,"0,504",0,0,"5,00031","0,10001","692,57","4774,38",100,"5,00219"
11630000,11659999,11,,"54,19","63,67","75,08","95,89","132,4","184,92","1,96",0,"5,0175",0,0,"14,7",100,"0,504",0,0,"5,00031","0,10001","692,57","4774,38",100,"5,00219"
11660001,11679999,7,,"54,19","63,67","75,08","95,89","132,4","184,92","1,96",0,"5,0175",0,0,"14,7",100,"0,504",0,0,"5,00031","0,10001","692,57","4774,38",100,"5,00219"
11680001,11699999,8,,"54,19","63,67","75,08","95,89","132,4","184,92","1,96",0,"5,0175",0,0,"14,7",100,"0,504",0,0,"5,00031","0,10001","692,57","4774,38",100,"5,00219"
11700001,11729999,6,,"37,74","44,34","52,29","66,78","92,21","127,48","1,37",0,"5,0175",0,0,"14,7",100,"0,504",0,0,"5,00031","0,10001","692,57","4774,38",100,"5,00219"
11730000,11739999,7,,"37,74","44,34","52,29","66,78","92,21","127,48","1,37",0,"5,0175",0,0,"14,7",100,"0,504",0,0,"5,00031","0,10001","692,57","4774,38",100,"5,00219"
11740000,11749999,7,,"37,74","44,34","52,29","66,78","92,21","127,48","1,37",0,"5,0175",0,0,"14,7",100,"0,504",0,0,"5,00031","0,10001","692,57","4774,38",100,"5,00219"
11760000,11769999,9,,"54,19","63,67","75,08","95,89","132,4","184,92","1,96",0,"5,0175",0,0,"14,7",100,"0,504",0,0,"5,00031","0,10001","692,57","4774,38",100,"5,00219"
11770000,11789999,7,,"37,74","44,34","52,29","66,78","92,21","127,48","1,37",0,"5,0175",0,0,"14,7",100,"0,504",0,0,"5,00031","0,10001","692,57","4774,38",100,"5,00219"
11790000,11799999,9,,"54,19","63,67","75,08","95,89","132,4","184,92","1,96",0,"5,0175",0,0,"14,7",100,"0,504",0,0,"5,00031","0,10001","692,57","4774,38",100,"5,00219"
11800000,11849999,11,,"54,19","63,67","75,08","95,89","132,4","184,92","1,96",0,"5,0175",0,0,"14,7",100,"0,504",0,0,"5,00031","0,10001","692,57","4774,38",100,"5,00219"
11850000,11899999,11,,"54,19","63,67","75,08","95,89","132,4","184,92","1,96",0,"5,0175",0,0,"14,7",100,"0,504",0,0,"5,00031","0,10001","692,57","4774,38",100,"5,00219"
11900000,11909999,8,,"54,19","63,67","75,08","95,89","132,4","184,92","1,96",0,"5,0175",0,0,"14,7",100,"0,504",0,0,"5,00031","0,10001","692,57","4774,38",100,"5,00219"
11910000,11919999,11,,"54,19","63,67","75,08","95,89","132,4","184,92","1,96",0,"5,0175",0,0,"14,7",100,"0,504",0,0,"5,00031","0,10001","692,57","4774,38",100,"5,00219"
11920000,11924999,9,,"54,19","63,67","75,08","95,89","132,4","184,92","1,96",0,"5,0175",0,0,"14,7",100,"0,504",0,0,"5,00031","0,10001","692,57","4774,38",100,"5,00219"
11925000,11929999,9,,"54,19","63,67","75,08","95,89","132,4","184,92","1,96",0,"5,0175",0,0,"14,7",100,"0,504",0,0,"5,00031","0,10001","692,57","4774,38",100,"5,00219"
11930000,11939999,8,,"54,19","63,67","75,08","95,89","132,4","184,92","1,96",0,"5,0175",0,0,"14,7",100,"0,504",0,0,"5,00031","0,10001","692,57","4774,38",100,"5,00219"
11940000,11949999,9,,"54,19","63,67","75,08","95,89","132,4","184,92","1,96",0,"5,0175",0,0,"14,7",100,"0,504",0,0,"5,00031","0,10001","692,57","4774,38",100,"5,00219"
11950000,11954999,8,,"54,19","63,67","75,08","95,89","132,4","184,92","1,96",0,"5,0175",0,0,"14,7",100,"0,504",0,0,"5,00031","0,10001","692,57","4774,38",100,"5,00219"
11955000,11959999,11,,"54,19","63,67","75,08","95,89","132,4","184,92","1,96",0,"5,0175",0,0,"14,7",100,"0,504",0,0,"5,00031","0,10001","692,57","4774,38",100,"5,00219"
11960000,11989999,11,,"54,19","63,67","75,08","95,89","132,4","184,92","1,96",0,"5,0175",0,0,"14,7",100,"0,504",0,0,"5,00031","0,10001","692,57","4774,38",100,"5,00219"
11990000,11999999,11,,"54,19","63,67","75,08","95,89","132,4","184,92","1,96",0,"5,0175",0,0,"14,7",100,"0,504",0,0,"5,00031","0,10001","692,57","4774,38",100,"5,00219"
12000001,12119999,5,,"30,56","35,9","42,34","54,07","74,66","103,23","1,11",0,"5,0175",0,0,"14,7",100,"0,504",0,0,"5,00031","0,10001","692,57","4774,38",100,"5,00219"
12120001,12129999,10,,"30,56","35,9","42,34","54,07","74,66","103,23","1,11",0,"5,0175",0,0,"14,7",100,"0,504",0,0,"5,00031","0,10001","692,57","4774,38",100,"5,00219"
12130000,12139999,12,,"54,19","63,67","75,08","95,89","132,4","184,92","1,96",0,"5,0175",0,0,"14,7",100,"0,504",0,0,"5,00031","0,10001","692,57","4774,38",100,"5,00219"
12140000,12169999,12,,"54,19","63,67","75,08","95,89","132,4","184,92","1,96",0,"5,0175",0,0,"14,7",100,"0,504",0,0,"5,00031","0,10001","692,57","4774,38",100,"5,00219"
12170000,12179999,12,,"30,56","35,9","42,34","54,07","74,66","103,23","1,11",0,"5,0175",0,0,"14,7",100,"0,504",0,0,"5,00031","0,10001","692,57","4774,38",100,"5,00219"
12180000,12199999,12,,"30,56","35,9","42,34","54,07","74,66","103,23","1,11",0,"5,0175",0,0,"14,7",100,"0,504",0,0,"5,00031","0,10001","692,57","4774,38",100,"5,00219"
12200001,12249999,5,,"30,56","35,9","42,34","54,07","74,66","103,23","1,11",0,"5,0175",0,0,"14,7",100,"0,504",0,0,"5,00031","0,10001","692,57","4774,38",100,"5,00219"
12250000,12259999,12,,"30,56","35,9","42,34","54,07","74,66","103,23","1,11",0,"5,0175",0,0,"14,7",100,"0,504",0,0,"5,00031","0,10001","692,57","4774,38",100,"5,00219"
12260000,12269999,12,,"30,56","35,9","42,34","54,07","74,66","103,23","1,11",0,"5,0175",0,0,"14,7",100,"0,504",0,0,"5,00031","0,10001","692,57","4774,38",100,"5,00219"
12270000,12279999,10,,"30,56","35,9","42,34","54,07","74,66","103,23","1,11",0,"5,0175",0,0,"14,7",100,"0,504",0,0,"5,00031","0,10001","692,57","4774,38",100,"5,00219"
12280001,12299999,5,,"30,56","35,9","42,34","54,07","74,66","103,23","1,11",0,"5,0175",0,0,"14,7",100,"0,504",0,0,"5,00031","0,10001","692,57","4774,38",100,"5,00219"
12300001,12349999,5,,"30,56","35,9","42,34","54,07","74,66","103,23","1,11",0,"5,0175",0,0,"14,7",100,"0,504",0,0,"5,00031","0,10001","692,57","4774,38",100,"5,00219"
12350000,12379999,11,,"30,56","35,9","42,34","54,07","74,66","103,23","1,11",0,"5,0175",0,0,"14,7",100,"0,504",0,0,"5,00031","0,10001","692,57","4774,38",100,"5,00219"
12380000,12399999,9,,"30,56","35,9","42,34","54,07","74,66","103,23","1,11",0,"5,0175",0,0,"14,7",100,"0,504",0,0,"5,00031","0,10001","692,57","4774,38",100,"5,00219"
12400001,12449999,7,,"30,56","35,9","42,34","54,07","74,66","103,23","1,11",0,"5,0175",0,0,"14,7",100,"0,504",0,0,"5,00031","0,10001","692,57","4774,38",100,"5,00219"
12450000,12459999,11,,"54,19","63,67","75,08","95,89","132,4","184,92","1,96",0,"5,0175",0,0,"14,7",100,"0,504",0,0,"5,00031","0,10001","692,57","4774,38",100,"5,00219"
12460000,12489999,11,,"54,19","63,67","75,08","95,89","132,4","184,92","1,96",0,"5,0175",0,0,"14,7",100,"0,504",0,0,"5,00031","0,10001","692,57","4774,38",100,"5,00219"
12490000,12499999,11,,"54,19","63,67","75,08","95,89","132,4","184,92","1,96",0,"5,0175",0,0,"14,7",100,"0,504",0,0,"5,00031","0,10001","692,57","4774,38",100,"5,00219"
12500001,12524999,7,,"30,56","35,9","42,34","54,07","74,66","103,23","1,11",0,"5,0175",0,0,"14,7",100,"0,504",0,0,"5,00031","0,10001","692,57","4774,38",100,"5,00219"
12525001,12529999,8,,"54,19","63,67","75,08","95,89","132,4","184,92","1,96",0,"5,0175",0,0,"14,7",100,"0,504",0,0,"5,00031","0,10001","692,57","4774,38",100,"5,00219"
12530000,12569999,11,,"54,19","63,67","75,08","95,89","132,4","184,92","1,96",0,"5,0175",0,0,"14,7",100,"0,504",0,0,"5,00031","0,10001","692,57","4774,38",100,"5,00219"
12570001,12579999,7,,"30,56","35,9","42,34","54,07","74,66","103,23","1,11",0,"5,0175",0,0,"14,7",100,"0,504",0,0,"5,00031","0,10001","692,57","4774,38",100,"5,00219"
12580001,12599999,7,,"54,19","63,67","75,08","95,89","132,4","184,92","1,96",0,"5,0175",0,0,"14,7",100,"0,504",0,0,"5,00031","0,10001","692,57","4774,38",100,"5,00219"
12600001,12614999,7,,"54,19","63,67","75,08","95,89","132,4","184,92","1,96",0,"5,0175",0,0,"14,7",100,"0,504",0,0,"5,00031","0,10001","692,57","4774,38",100,"5,00219"
12615000,12619999,7,,"54,19","63,67","75,08","95,89","132,4","184,92","1,96",0,"5,0175",0,0,"14,7",100,"0,504",0,0,"5,00031","0,10001","692,57","4774,38",100,"5,00219"
12620000,12629999,9,,"54,19","63,67","75,08","95,89","132,4","184,92","1,96",0,"5,0175",0,0,"14,7",100,"0,504",0,0,"5,00031","0,10001","692,57","4774,38",100,"5,00219"
12630000,12689999,10,,"54,19","63,67","75,08","95,89","132,4","184,92","1,96",0,"5,0175",0,0,"14,7",100,"0,504",0,0,"5,00031","0,10001","692,57","4774,38",100,"5,00219"
12690000,12699999,12,,"54,19","63,67","75,08","95,89","132,4","184,92","1,96",0,"5,0175",0,0,"14,7",100,"0,504",0,0,"5,00031","0,10001","692,57","4774,38",100,"5,00219"
12700001,12759999,10,,"54,19","63,67","75,08","95,89","132,4","184,92","1,96",0,"5,0175",0,0,"14,7",100,"0,504",0,0,"5,00031","0,10001","692,57","4774,38",100,"5,00219"
12760000,12799999,12,,"54,19","63,67","75,08","95,89","132,4","184,92","1,96",0,"5,0175",0,0,"14,7",100,"0,504",0,0,"5,00031","0,10001","692,57","4774,38",100,"5,00219"
12800000,12819999,12,,"54,19","63,67","75,08","95,89","132,4","184,92","1,96",0,"5,0175",0,0,"14,7",100,"0,504",0,0,"5,00031","0,10001","692,57","4774,38",100,"5,00219"
12820000,12829999,12,,"54,19","63,67","75,08","95,89","132,4","184,92","1,96",0,"5,0175",0,0,"14,7",100,"0,504",0,0,"5,00031","0,10001","692,57","4774,38",100,"5,00219"
12830000,12849999,12,,"54,19","63,67","75,08","95,89","132,4","184,92","1,96",0,"5,0175",0,0,"14,7",100,"0,504",0,0,"5,00031","0,10001","692,57","4774,38",100,"5,00219"
12850000,12869999,12,,"54,19","63,67","75,08","95,89","132,4","184,92","1,96",0,"5,0175",0,0,"14,7",100,"0,504",0,0,"5,00031","0,10001","692,57","4774,38",100,"5,00219"
12870000,12899999,12,,"54,19","63,67","75,08","95,89","132,4","184,92","1,96",0,"5,0175",0,0,"14,7",100,"0,504",0,0,"5,00031","0,10001","692,57","4774,38",100,"5,00219"
12900001,12929999,6,,"30,56","35,9","42,34","54,07","74,66","103,23","1,11",0,"5,0175",0,0,"14,7",100,"0,504",0,0,"5,00031","0,10001","692,57","4774,38",100,"5,00219"
12930000,12934999,8,,"37,74","44,34","52,29","66,78","92,21","127,48","1,37",0,"5,0175",0,0,"14,7",100,"0,504",0,0,"5,00031","0,10001","692,57","4774,38",100,"5,00219"
12935000,12939999,8,,"37,74","44,34","52,29","66,78","92,21","127,48","1,37",0,"5,0175",0,0,"14,7",100,"0,504",0,0,"5,00031","0,10001","692,57","4774,38",100,"5,00219"
12940001,12954999,4,,"30,56","35,9","42,34","54,07","74,66","103,23","1,11",0,"5,0175",0,0,"14,7",100,"0,504",0,0,"5,00031","0,10001","692,57","4774,38",100,"5,00219"
12955000,12959999,13,,"30,56","35,9","42,34","54,07","74,66","103,23","1,11",0,"5,0175",0,0,"14,7",100,"0,504",0,0,"5,00031","0,10001","692,57","4774,38",100,"5,00219"
12960000,12969999,13,,"37,74","44,34","52,29","66,78","92,21","127,48","1,37",0,"5,0175",0,0,"14,7",100,"0,504",0,0,"5,00031","0,10001","692,57","4774,38",100,"5,00219"
12970000,12979999,8,,"30,56","35,9","42,34","54,07","74,66","103,23","1,11",0,"5,0175",0,0,"14,7",100,"0,504",0,0,"5,00031","0,10001","692,57","4774,38",100,"5,00219"
12980000,12989999,8,,"37,74","44,34","52,29","66,78","92,21","127,48","1,37",0,"5,0175",0,0,"14,7",100,"0,504",0,0,"5,00031","0,10001","692,57","4774,38",100,"5,00219"
12990000,12994999,8,,"37,74","44,34","52,29","66,78","92,21","127,48","1,37",0,"5,0175",0,0,"14,7",100,"0,504",0,0,"5,00031","0,10001","692,57","4774,38",100,"5,00219"
12995000,12999999,8,,"37,74","44,34","52,29","66,78","92,21","127,48","1,37",0,"5,0175",0,0,"14,7",100,"0,504",0,0,"5,00031","0,10001","692,57","4774,38",100,"5,00219"
13000001,13139999,3,,"30,56","35,9","42,34","54,07","74,66","103,23","1,11",0,"5,0175",0,0,"14,7",100,"0,504",0,0,"5,00031","0,10001","692,57","4774,38",100,"5,00219"
13140001,13149999,3,,"30,56","35,9","42,34","54,07","74,66","103,23","1,11",0,"5,0175",0,0,"14,7",100,"0,504",0,0,"5,00031","0,10001","692,57","4774,38",100,"5,00219"
13150001,13159999,8,,"30,56","35,9","42,34","54,07","74,66","103,23","1,11",0,"5,0175",0,0,"14,7",100,"0,504",0,0,"5,00031","0,10001","692,57","4774,38",100,"5,00219"
13160001,13169999,8,,"30,56","35,9","42,34","54,07","74,66","103,23","1,11",0,"5,0175",0,0,"14,7",100,"0,504",0,0,"5,00031","0,10001","692,57","4774,38",100,"5,00219"
13170001,13182999,3,,"30,56","35,9","42,34","54,07","74,66","103,23","1,11",0,"5,0175",0,0,"14,7",100,"0,504",0,0,"5,00031","0,10001","692,57","4774,38",100,"5,00219"
13183001,13189999,3,,"30,56","35,9","42,34","54,07","74,66","103,23","1,11",0,"5,0175",0,0,"14,7",100,"0,504",0,0,"5,00031","0,10001","692,57","4774,38",100,"5,00219"
13190001,13199999,4,,"30,56","35,9","42,34","54,07","74,66","103,23","1,11",0,"5,0175",0,0,"14,7",100,"0,504",0,0,"5,00031","0,10001","692,57","4774,38",100,"5,00219"
13200001,13219999,3,,"30,56","35,9","42,34","54,07","74,66","103,23","1,11",0,"5,0175",0,0,"14,7",100,"0,504",0,0,"5,00031","0,10001","692,57","4774,38",100,"5,00219"
13220001,13229999,3,,"30,56","35,9","42,34","54,07","74,66","103,23","1,11",0,"5,0175",0,0,"14,7",100,"0,504",0,0,"5,00031","0,10001","692,57","4774,38",100,"5,00219"
13230001,13239999,3,,"24,19","28,42","33,52","42,81","59,11","80,55","0,88",0,"5,0175",0,0,"14,7",100,"0,504",0,0,"5,00031","0,10001","692,57","4774,38",100,"5,00219"
13240000,13249999,8,,"37,74","44,34","52,29","66,78","92,21","127,48","1,37",0,"5,0175",0,0,"14,7",100,"0,504",0,0,"5,00031","0,10001","692,57","4774,38",100,"5,00219"
13250001,13259999,4,,"30,56","35,9","42,34","54,07","74,66","103,23","1,11",0,"5,0175",0,0,"14,7",100,"0,504",0,0,"5,00031","0,10001","692,57","4774,38",100,"5,00219"
13260000,13269999,8,,"37,74","44,34","52,29","66,78","92,21","127,48","1,37",0,"5,0175",0,0,"14,7",100,"0,504",0,0,"5,00031","0,10001","692,57","4774,38",100,"5,00219"
13270001,13279999,3,,"30,56","35,9","42,34","54,07","74,66","103,23","1,11",0,"5,0175",0,0,"14,7",100,"0,504",0,0,"5,00031","0,10001","692,57","4774,38",100,"5,00219"
13280001,13289999,3,,"30,56","35,9","42,34","54,07","74,66","103,23","1,11",0,"5,0175",0,0,"14,7",100,"0,504",0,0,"5,00031","0,10001","692,57","4774,38",100,"5,00219"
13290001,13294999,3,,"30,56","35,9","42,34","54,07","74,66","103,23","1,11",0,"5,0175",0,0,"14,7",100,"0,504",0,0,"5,00031","0,10001","692,57","4774,38",100,"5,00219"
13295001,13299999,3,,"30,56","35,9","42,34","54,07","74,66","103,23","1,11",0,"5,0175",0,0,"14,7",100,"0,504",0,0,"5,00031","0,10001","692,57","4774,38",100,"5,00219"
13300001,13314999,4,,"30,56","35,9","42,34","54,07","74,66","103,23","1,11",0,"5,0175",0,0,"14,7",100,"0,504",0,0,"5,00031","0,10001","692,57","4774,38",100,"5,00219"
13315001,13319999,3,,"30,56","35,9","42,34","54,07","74,66","103,23","1,11",0,"5,0175",0,0,"14,7",100,"0,504",0,0,"5,00031","0,10001","692,57","4774,38",100,"5,00219"
13320001,13329999,4,,"30,56","35,9","42,34","54,07","74,66","103,23","1,11",0,"5,0175",0,0,"14,7",100,"0,504",0,0,"5,00031","0,10001","692,57","4774,38",100,"5,00219"
13330001,13349999,3,,"30,56","35,9","42,34","54,07","74,66","103,23","1,11",0,"5,0175",0,0,"14,7",100,"0,504",0,0,"5,00031","0,10001","692,57","4774,38",100,"5,00219"
13350000,13359999,6,,"30,56","35,9","42,34","54,07","74,66","103,23","1,11",0,"5,0175",0,0,"14,7",100,"0,504",0,0,"5,00031","0,10001","692,57","4774,38",100,"5,00219"
13360001,13369999,4,,"30,56","35,9","42,34","54,07","74,66","103,23","1,11",0,"5,0175",0,0,"14,7",100,"0,504",0,0,"5,00031","0,10001","692,57","4774,38",100,"5,00219"
13370000,13374999,6,,"30,56","35,9","42,34","54,07","74,66","103,23","1,11",0,"5,0175",0,0,"14,7",100,"0,504",0,0,"5,00031","0,10001","692,57","4774,38",100,"5,00219"
13375000,13379999,8,,"37,74","44,34","52,29","66,78","92,21","127,48","1,37",0,"5,0175",0,0,"14,7",100,"0,504",0,0,"5,00031","0,10001","692,57","4774,38",100,"5,00219"
13380001,13389999,3,,"30,56","35,9","42,34","54,07","74,66","103,23","1,11",0,"5,0175",0,0,"14,7",100,"0,504",0,0,"5,00031","0,10001","692,57","4774,38",100,"5,00219"
13390001,13399999,8,,"37,74","44,34","52,29","66,78","92,21","127,48","1,37",0,"5,0175",0,0,"14,7",100,"0,504",0,0,"5,00031","0,10001","692,57","4774,38",100,"5,00219"
13400001,13439999,4,,"30,56","35,9","42,34","54,07","74,66","103,23","1,11",0,"5,0175",0,0,"14,7",100,"0,504",0,0,"5,00031","0,10001","692,57","4774,38",100,"5,00219"
13440001,13444999,8,,"37,74","44,34","52,29","66,78","92,21","127,48","1,37",0,"5,0175",0,0,"14,7",100,"0,504",0,0,"5,00031","0,10001","692,57","4774,38",100,"5,00219"
13445001,13449999,8,,"37,74","44,34","52,29","66,78","92,21","127,48","1,37",0,"5,0175",0,0,"14,7",100,"0,504",0,0,"5,00031","0,10001","692,57","4774,38",100,"5,00219"
13450001,13464999,3,,"30,56","35,9","42,34","54,07","74,66","103,23","1,11",0,"5,0175",0,0,"14,7",100,"0,504",0,0,"5,00031","0,10001","692,57","4774,38",100,"5,00219"
13465001,13479999,3,,"30,56","35,9","42,34","54,07","74,66","103,23","1,11",0,"5,0175",0,0,"14,7",100,"0,504",0,0,"5,00031","0,10001","692,57","4774,38",100,"5,00219"
13480001,13489999,3,,"30,56","35,9","42,34","54,07","74,66","103,23","1,11",0,"5,0175",0,0,"14,7",100,"0,504",0,0,"5,00031","0,10001","692,57","4774,38",100,"5,00219"
13490000,13494999,5,,"30,56","35,9","42,34","54,07","74,66","103,23","1,11",0,"5,0175",0,0,"14,7",100,"0,504",0,0,"5,00031","0,10001","692,57","4774,38",100,"5,00219"
13495001,13499999,6,,"30,56","35,9","42,34","54,07","74,66","103,23","1,11",0,"5,0175",0,0,"14,7",100,"0,504",0,0,"5,00031","0,10001","692,57","4774,38",100,"5,00219"
13500001,13509999,3,,"30,56","35,9","42,34","54,07","74,66","103,23","1,11",0,"5,0175",0,0,"14,7",100,"0,504",0,0,"5,00031","0,10001","692,57","4774,38",100,"5,00219"
13510001,13514999,5,,"30,56","35,9","42,34","54,07","74,66","103,23","1,11",0,"5,0175",0,0,"14,7",100,"0,504",0,0,"5,00031","0,10001","692,57","4774,38",100,"5,00219"
13515001,13519999,8,,"37,74","44,34","52,29","66,78","92,21","127,48","1,37",0,"5,0175",0,0,"14,7",100,"0,504",0,0,"5,00031","0,10001","692,57","4774,38",100,"5,00219"
13520000,13524999,8,,"54,19","63,67","75,08","95,89","132,4","184,92","1,96",0,"5,0175",0,0,"14,7",100,"0,504",0,0,"5,00031","0,10001","692,57","4774,38",100,"5,00219"
13525001,13529999,8,,"37,74","44,34","52,29","66,78","92,21","127,48","1,37",0,"5,0175",0,0,"14,7",100,"0,504",0,0,"5,00031","0,10001","692,57","4774,38",100,"5,00219"
13530000,13536999,8,,"54,19","63,67","75,08","95,89","132,4","184,92","1,96",0,"5,0175",0,0,"14,7",100,"0,504",0,0,"5,00031","0,10001","692,57","4774,38",100,"5,00219"
13537000,13539999,8,,"37,74","44,34","52,29","66,78","92,21","127,48","1,37",0,"5,0175",0,0,"14,7",100,"0,504",0,0,"5,00031","0,10001","692,57","4774,38",100,"5,00219"
13540000,13549999,8,,"37,74","44,34","52,29","66,78","92,21","127,48","1,37",0,"5,0175",0,0,"14,7",100,"0,504",0,0,"5,00031","0,10001","692,57","4774,38",100,"5,00219"
13550000,13559999,7,,"54,19","63,67","75,08","95,89","132,4","184,92","1,96",0,"5,0175",0,0,"14,7",100,"0,504",0,0,"5,00031","0,10001","692,57","4774,38",100,"5,00219"
13560001,13579999,4,,"30,56","35,9","42,34","54,07","74,66","103,23","1,11",0,"5,0175",0,0,"14,7",100,"0,504",0,0,"5,00031","0,10001","692,57","4774,38",100,"5,00219"
13580000,13589999,10,,"31,93","37,52","44,24","56,51","78,02","107,87","1,16",0,"5,0175",0,0,"14,7",100,"0,504",0,0,"5,00031","0,10001","692,57","4774,38",100,"5,00219"
13590000,13599999,10,,"31,93","37,52","44,24","56,51","78,02","107,87","1,16",0,"5,0175",0,0,"14,7",100,"0,504",0,0,"5,00031","0,10001","692,57","4774,38",100,"5,00219"
13600001,13609999,4,,"30,56","35,9","42,34","54,07","74,66","103,23","1,11",0,"5,0175",0,0,"14,7",100,"0,504",0,0,"5,00031","0,10001","692,57","4774,38",100,"5,00219"
13610001,13624999,3,,"37,74","44,34","52,29","66,78","92,21","127,48","1,37",0,"5,0175",0,0,"14,7",100,"0,504",0,0,"5,00031","0,10001","692,57","4774,38",100,"5,00219"
13625001,13629999,8,,"37,74","44,34","52,29","66,78","92,21","127,48","1,37",0,"5,0175",0,0,"14,7",100,"0,504",0,0,"5,00031","0,10001","692,57","4774,38",100,"5,00219"
13630001,13649999,6,,"54,19","63,67","75,08","95,89","132,4","184,92","1,96",0,"5,0175",0,0,"14,7",100,"0,504",0,0,"5,00031","0,10001","692,57","4774,38",100,"5,00219"
13650001,13659999,6,,"31,93","37,52","44,24","56,51","78,02","107,87","1,16",0,"5,0175",0,0,"14,7",100,"0,504",0,0,"5,00031","0,10001","692,57","4774,38",100,"5,00219"
13660001,13669999,6,,"31,93","37,52","44,24","56,51","78,02","107,87","1,16",0,"5,0175",0,0,"14,7",100,"0,504",0,0,"5,00031","0,10001","692,57","4774,38",100,"5,00219"
13670000,13689999,6,,"31,93","37,52","44,24","56,51","78,02","107,87","1,16",0,"5,0175",0,0,"14,7",100,"0,504",0,0,"5,00031","0,10001","692,57","4774,38",100,"5,00219"
13690000,13699999,7,,"31,93","37,52","44,24","56,51","78,02","107,87","1,16",0,"5,0175",0,0,"14,7",100,"0,504",0,0,"5,00031","0,10001","692,57","4774,38",100,"5,00219"
13700000,13709999,6,,"54,19","63,67","75,08","95,89","132,4","184,92","1,96",0,"5,0175",0,0,"14,7",100,"0,504",0,0,"5,00031","0,10001","692,57","4774,38",100,"5,00219"
13710000,13714999,6,,"31,93","37,52","44,24","56,51","78,02","107,87","1,16",0,"5,0175",0,0,"14,7",100,"0,504",0,0,"5,00031","0,10001","692,57","4774,38",100,"5,00219"
13715000,13719999,7,,"54,19","63,67","75,08","95,89","132,4","184,92","1,96",0,"5,0175",0,0,"14,7",100,"0,504",0,0,"5,00031","0,10001","692,57","4774,38",100,"5,00219"
13720000,13729999,6,,"54,19","63,67","75,08","95,89","132,4","184,92","1,96",0,"5,0175",0,0,"14,7",100,"0,504",0,0,"5,00031","0,10001","692,57","4774,38",100,"5,00219"
13730001,13759999,6,,"31,93","37,52","44,24","56,51","78,02","107,87","1,16",0,"5,0175",0,0,"14,7",100,"0,504",0,0,"5,00031","0,10001","692,57","4774,38",100,"5,00219"
13760000,13769999,7,,"54,19","63,67","75,08","95,89","132,4","184,92","1,96",0,"5,0175",0,0,"14,7",100,"0,504",0,0,"5,00031","0,10001","692,57","4774,38",100,"5,00219"
13770000,13779999,7,,"54,19","63,67","75,08","95,89","132,4","184,92","1,96",0,"5,0175",0,0,"14,7",100,"0,504",0,0,"5,00031","0,10001","692,57","4774,38",100,"5,00219"
13780000,13789999,7,,"54,19","63,67","75,08","95,89","132,4","184,92","1,96",0,"5,0175",0,0,"14,7",100,"0,504",0,0,"5,00031","0,10001","692,57","4774,38",100,"5,00219"
13790000,13799999,7,,"54,19","63,67","75,08","95,89","132,4","184,92","1,96",0,"5,0175",0,0,"14,7",100,"0,504",0,0,"5,00031","0,10001","692,57","4774,38",100,"5,00219"
13800001,13819999,5,,"30,56","35,9","42,34","54,07","74,66","103,23","1,11",0,"5,0175",0,0,"14,7",100,"0,504",0,0,"5,00031","0,10001","692,57","4774,38",100,"5,00219"
13820000,13824999,5,,"37,74","44,34","52,29","66,78","92,21","127,48","1,37",0,"5,0175",0,0,"14,7",100,"0,504",0,0,"5,00031","0,10001","692,57","4774,38",100,"5,00219"
13825000,13829999,8,,"37,74","44,34","52,29","66,78","92,21","127,48","1,37",0,"5,0175",0,0,"14,7",100,"0,504",0,0,"5,00031","0,10001","692,57","4774,38",100,"5,00219"
13830001,13834999,8,,"37,74","44,34","52,29","66,78","92,21","127,48","1,37",0,"5,0175",0,0,"14,7",100,"0,504",0,0,"5,00031","0,10001","692,57","4774,38",100,"5,00219"
13835000,13839999,8,,"37,74","44,34","52,29","66,78","92,21","127,48","1,37",0,"5,0175",0,0,"14,7",100,"0,504",0,0,"5,00031","0,10001","692,57","4774,38",100,"5,00219"
13840001,13856999,5,,"30,56","35,9","42,34","54,07","74,66","103,23","1,11",0,"5,0175",0,0,"14,7",100,"0,504",0,0,"5,00031","0,10001","692,57","4774,38",100,"5,00219"
13857000,13859999,8,,"30,56","35,9","42,34","54,07","74,66","103,23","1,11",0,"5,0175",0,0,"14,7",100,"0,504",0,0,"5,00031","0,10001","692,57","4774,38",100,"5,00219"
13860001,13869999,6,,"37,74","44,34","52,29","66,78","92,21","127,48","1,37",0,"5,0175",0,0,"14,7",100,"0,504",0,0,"5,00031","0,10001","692,57","4774,38",100,"5,00219"
13870001,13879999,6,,"54,19","63,67","75,08","95,89","132,4","184,92","1,96",0,"5,0175",0,0,"14,7",100,"0,504",0,0,"5,00031","0,10001","692,57","4774,38",100,"5,00219"
13880000,13889999,7,,"30,56","35,9","42,34","54,07","74,66","103,23","1,11",0,"5,0175",0,0,"14,7",100,"0,504",0,0,"5,00031","0,10001","692,57","4774,38",100,"5,00219"
13890000,13899999,6,,"54,19","63,67","75,08","95,89","132,4","184,92","1,96",0,"5,0175",0,0,"14,7",100,"0,504",0,0,"5,00031","0,10001","692,57","4774,38",100,"5,00219"
13900001,13909999,3,,"30,56","35,9","42,34","54,07","74,66","103,23","1,11",0,"5,0175",0,0,"14,7",100,"0,504",0,0,"5,00031","0,10001","692,57","4774,38",100,"5,00219"
13910001,13919999,3,,"30,56","35,9","42,34","54,07","74,66","103,23","1,11",0,"5,0175",0,0,"14,7",100,"0,504",0,0,"5,00031","0,10001","692,57","4774,38",100,"5,00219"
13920000,13929999,3,,"30,56","35,9","42,34","54,07","74,66","103,23","1,11",0,"5,0175",0,0,"14,7",100,"0,504",0,0,"5,00031","0,10001","692,57","4774,38",100,"5,00219"
13930000,13939999,5,,"37,74","44,34","52,29","66,78","92,21","127,48","1,37",0,"5,0175",0,0,"14,7",100,"0,504",0,0,"5,00031","0,10001","692,57","4774,38",100,"5,00219"
13940000,13949999,5,,"37,74","44,34","52,29","66,78","92,21","127,48","1,37",0,"5,0175",0,0,"14,7",100,"0,504",0,0,"5,00031","0,10001","692,57","4774,38",100,"5,00219"
13950000,13959999,5,,"37,74","44,34","52,29","66,78","92,21","127,48","1,37",0,"5,0175",0,0,"14,7",100,"0,504",0,0,"5,00031","0,10001","692,57","4774,38",100,"5,00219"
13960000,13969999,5,,"37,74","44,34","52,29","66,78","92,21","127,48","1,37",0,"5,0175",0,0,"14,7",100,"0,504",0,0,"5,00031","0,10001","692,57","4774,38",100,"5,00219"
13970001,13989999,6,,"37,74","44,34","52,29","66,78","92,21","127,48","1,37",0,"5,0175",0,0,"14,7",100,"0,504",0,0,"5,00031","0,10001","692,57","4774,38",100,"5,00219"
13990000,13994999,6,,"37,74","44,34","52,29","66,78","92,21","127,48","1,37",0,"5,0175",0,0,"14,7",100,"0,504",0,0,"5,00031","0,10001","692,57","4774,38",100,"5,00219"